Time,Total_Visitors
2024/1/1,36983
2024/1/2,33785
2024/1/3,36115
2024/1/4,39312
2024/1/5,50780
2024/1/6,67125
2024/1/7,64180
2024/1/8,37509
2024/1/9,33785
2024/1/10,36115
2024/1/11,39312
2024/1/12,50780
2024/1/13,67636
2024/1/14,64545
2024/1/15,36983
2024/1/16,33785
2024/1/17,36115
2024/1/18,39312
2024/1/19,50780
2024/1/20,67636
2024/1/21,64545
2024/1/22,36983
2024/1/23,33785
2024/1/24,36115
2024/1/25,39312
2024/1/26,51748
2024/1/27,64813
2024/1/28,62528
2024/1/29,36983
2024/1/30,33785
2024/1/31,36115
2024/2/1,31561
2024/2/2,39867
2024/2/3,53847
2024/2/4,51281
2024/2/5,29727
2024/2/6,27316
2024/2/7,29152
2024/2/8,35372
2024/2/9,51228
2024/2/10,109226
2024/2/11,107855
2024/2/12,76521
2024/2/13,57548
2024/2/14,56731
2024/2/15,53708
2024/2/16,55424
2024/2/17,86264
2024/2/18,84341
2024/2/19,29727
2024/2/20,27316
2024/2/21,29152
2024/2/22,31561
2024/2/23,40047
2024/2/24,53321
2024/2/25,50905
2024/2/26,30164
2024/2/27,27316
2024/2/28,29152
2024/2/29,31561
2024/3/1,49924
2024/3/2,65303
2024/3/3,62531
2024/3/4,36135
2024/3/5,32959
2024/3/6,35242
2024/3/7,38419
2024/3/8,49738
2024/3/9,65845
2024/3/10,62918
2024/3/11,39548
2024/3/12,32959
2024/3/13,35242
2024/3/14,38419
2024/3/15,49738
2024/3/16,65845
2024/3/17,62918
2024/3/18,36135
2024/3/19,32959
2024/3/20,35242
2024/3/21,38419
2024/3/22,49738
2024/3/23,64584
2024/3/24,62017
2024/3/25,37433
2024/3/26,32959
2024/3/27,35242
2024/3/28,39916
2024/3/29,51427
2024/3/30,63302
2024/3/31,61101
2024/4/1,36798
2024/4/2,32144
2024/4/3,34381
2024/4/4,40681
2024/4/5,49963
2024/4/6,61103
2024/4/7,59206
2024/4/8,36000
2024/4/9,33278
2024/4/10,42277
2024/4/11,43060
2024/4/12,48889
2024/4/13,64581
2024/4/14,61690
2024/4/15,36000
2024/4/16,33035
2024/4/17,34381
2024/4/18,37502
2024/4/19,48771
2024/4/20,64581
2024/4/21,61690
2024/4/22,35264
2024/4/23,32144
2024/4/24,34381
2024/4/25,37502
2024/4/26,48771
2024/4/27,64130
2024/4/28,61368
2024/4/29,36273
2024/4/30,32803
2024/5/1,38520
2024/5/2,39737
2024/5/3,49035
2024/5/4,68276
2024/5/5,66560
2024/5/6,33054
2024/5/7,28765
2024/5/8,30757
2024/5/9,33463
2024/5/10,43417
2024/5/11,58265
2024/5/12,55496
2024/5/13,31474
2024/5/14,28765
2024/5/15,30757
2024/5/16,33463
2024/5/17,43417
2024/5/18,58265
2024/5/19,55496
2024/5/20,31474
2024/5/21,28765
2024/5/22,30757
2024/5/23,33463
2024/5/24,43417
2024/5/25,58265
2024/5/26,55496
2024/5/27,31474
2024/5/28,28765
2024/5/29,30757
2024/5/30,33463
2024/5/31,43417
2024/6/1,57705
2024/6/2,55088
2024/6/3,33374
2024/6/4,28567
2024/6/5,30558
2024/6/6,33320
2024/6/7,43477
2024/6/8,54337
2024/6/9,61157
2024/6/10,38047
2024/6/11,28567
2024/6/12,30558
2024/6/13,33320
2024/6/14,43477
2024/6/15,56314
2024/6/16,54094
2024/6/17,39103
2024/6/18,28567
2024/6/19,30558
2024/6/20,33320
2024/6/21,43477
2024/6/22,57902
2024/6/23,55229
2024/6/24,31325
2024/6/25,28567
2024/6/26,30558
2024/6/27,33320
2024/6/28,43545
2024/6/29,57390
2024/6/30,54863
2024/7/1,41725
2024/7/2,37818
2024/7/3,40421
2024/7/4,43862
2024/7/5,56703
2024/7/6,77053
2024/7/7,73199
2024/7/8,41264
2024/7/9,37818
2024/7/10,40421
2024/7/11,43862
2024/7/12,56703
2024/7/13,76359
2024/7/14,72704
2024/7/15,41978
2024/7/16,37818
2024/7/17,40421
2024/7/18,43862
2024/7/19,56703
2024/7/20,77053
2024/7/21,73199
2024/7/22,41832
2024/7/23,37818
2024/7/24,40421
2024/7/25,43862
2024/7/26,56703
2024/7/27,77053
2024/7/28,73199
2024/7/29,41832
2024/7/30,37818
2024/7/31,40421
2024/8/1,40698
2024/8/2,52077
2024/8/3,71610
2024/8/4,67882
2024/8/5,38310
2024/8/6,35244
2024/8/7,37632
2024/8/8,40698
2024/8/9,52077
2024/8/10,70542
2024/8/11,67119
2024/8/12,39881
2024/8/13,35244
2024/8/14,37632
2024/8/15,40698
2024/8/16,52077
2024/8/17,71610
2024/8/18,67882
2024/8/19,38310
2024/8/20,35244
2024/8/21,37632
2024/8/22,40698
2024/8/23,52241
2024/8/24,71610
2024/8/25,67882
2024/8/26,39327
2024/8/27,35244
2024/8/28,37632
2024/8/29,40698
2024/8/30,52077
2024/8/31,71610
2024/9/1,57032
2024/9/2,32925
2024/9/3,30249
2024/9/4,31718
2024/9/5,34494
2024/9/6,44610
2024/9/7,59866
2024/9/8,57032
2024/9/9,32447
2024/9/10,29671
2024/9/11,31718
2024/9/12,34494
2024/9/13,44610
2024/9/14,55706
2024/9/15,54060
2024/9/16,51343
2024/9/17,37398
2024/9/18,32946
2024/9/19,34494
2024/9/20,44610
2024/9/21,59087
2024/9/22,56475
2024/9/23,33248
2024/9/24,29671
2024/9/25,31718
2024/9/26,34494
2024/9/27,44610
2024/9/28,59866
2024/9/29,57032
2024/9/30,32447
2024/10/1,41400
2024/10/2,43132
2024/10/3,45607
2024/10/4,52521
2024/10/5,77884
2024/10/6,75852
2024/10/7,42228
2024/10/8,28791
2024/10/9,30775
2024/10/10,33503
2024/10/11,43434
2024/10/12,56741
2024/10/13,54377
2024/10/14,32963
2024/10/15,28791
2024/10/16,30775
2024/10/17,33503
2024/10/18,43316
2024/10/19,57787
2024/10/20,55124
2024/10/21,31510
2024/10/22,28791
2024/10/23,30775
2024/10/24,33503
2024/10/25,43316
2024/10/26,57597
2024/10/27,54988
2024/10/28,31705
2024/10/29,28791
2024/10/30,30775
2024/10/31,33503
2024/11/1,44409
2024/11/2,56191
2024/11/3,54133
2024/11/4,32563
2024/11/5,29167
2024/11/6,31181
2024/11/7,33960
2024/11/8,43789
2024/11/9,58039
2024/11/10,55453
2024/11/11,31952
2024/11/12,29167
2024/11/13,31181
2024/11/14,33960
2024/11/15,43789
2024/11/16,58039
2024/11/17,55453
2024/11/18,31952
2024/11/19,29167
2024/11/20,31181
2024/11/21,33960
2024/11/22,43789
2024/11/23,58039
2024/11/24,55453
2024/11/25,31952
2024/11/26,29167
2024/11/27,31181
2024/11/28,33960
2024/11/29,43789
2024/11/30,58039
2024/12/1,61424
2024/12/2,35281
2024/12/3,32138
2024/12/4,34375
2024/12/5,37515
2024/12/6,48728
2024/12/7,64232
2024/12/8,61424
2024/12/9,35281
2024/12/10,32138
2024/12/11,34375
2024/12/12,37515
2024/12/13,48728
2024/12/14,64053
2024/12/15,61296
2024/12/16,35464
2024/12/17,32138
2024/12/18,34375
2024/12/19,37515
2024/12/20,48728
2024/12/21,64232
2024/12/22,61424
2024/12/23,35281
2024/12/24,33560
2024/12/25,35674
2024/12/26,37515
2024/12/27,48728
2024/12/28,64232
2024/12/29,61424
2024/12/30,36971
2024/12/31,34184
2025/1/1,35595
2025/1/2,38606
2025/1/3,49404
2025/1/4,66703
2025/1/5,63491
2025/1/6,36341
2025/1/7,33331
2025/1/8,35595
2025/1/9,38606
2025/1/10,49404
2025/1/11,66166
2025/1/12,63108
2025/1/13,36893
2025/1/14,33331
2025/1/15,35595
2025/1/16,38606
2025/1/17,49404
2025/1/18,66703
2025/1/19,63491
2025/1/20,36341
2025/1/21,33331
2025/1/22,35595
2025/1/23,38606
2025/1/24,49404
2025/1/25,65454
2025/1/26,62599
2025/1/27,62031
2025/1/28,76608
2025/1/29,91738
2025/1/30,93839
2025/1/31,86888
