Time,Brunei Darussalam,Indonesia,Malaysia,Myanmar,Philippines,Thailand,Vietnam,China,Hong Kong,Taiwan,Japan,South Korea,Bangladesh,India,Pakistan,Sri Lanka,Iran,Israel,Kuwait,Saudi Arabia,United Arab Emirates,Canada,USA,Belgium & Luxembourg,Denmark,Finland,France,Germany,Italy,Netherlands,Norway,Rep Of Ireland,Russian Federation,Spain,Sweden,Switzerland,United Kingdom,Australia,New Zealand,Egypt,Mauritius,South Africa (Rep Of),Other
  2025 Jan,4535,251768,102323,11793,49088,23423,26655,376474,25869,46126,40053,79300,12532,85398,1809,4463,390,2116,754,2381,5750,16854,70962,2634,3162,3613,12948,39376,6086,7685,2603,2673,10469,4376,4673,8283,56474,141336,14545,426,487,2942,67864
  2024 Dec,8439,266028,105622,14421,72161,30436,22642,193482,23487,20557,42999,42841,13440,103739,2109,6804,430,1494,530,1914,7869,12837,64841,2533,2415,2839,10945,31729,4828,6643,2130,1992,6109,4362,4024,7536,44650,122321,13038,238,1077,5336,56756
  2024 Nov,4500,194445,101919,11345,66942,26740,24350,174751,24541,23190,44327,39600,11092,92903,1569,4970,400,1877,352,3429,6699,14791,61005,2906,2577,2394,13671,26020,5112,7303,2075,2514,6235,5432,2892,7392,48607,92661,10351,364,802,1821,57828
  2024 Oct,3959,183714,103432,11801,61488,44447,27140,234528,25197,29237,51819,42088,12937,102229,1516,4837,385,2123,352,1597,7301,11402,50339,2865,2636,2470,14969,26180,5864,7381,1710,2137,3905,5487,2402,8051,43943,100935,14002,306,313,1970,53092
  2024 Sep,3968,173611,112150,9580,55975,27707,27636,217205,26627,30408,57825,44886,11473,87766,1459,5221,853,1779,598,1929,7831,9230,47493,3334,2219,1334,14774,23795,8001,7562,1597,2041,3475,7460,1574,6888,43032,110930,15792,267,320,2645,50424
  2024 Aug,5679,163910,79895,9851,60174,27966,43400,403137,35682,42282,81803,60986,11027,91805,1717,5767,521,1299,1957,3065,10764,10796,51082,4458,1988,832,26916,27501,29522,12682,1467,2028,3498,13721,1442,7359,47305,82959,14070,244,504,1902,54863
  2024 Jul,4401,209823,83067,12474,72589,32834,50619,412950,33769,49930,51162,57398,12236,89701,2818,4921,404,1321,1242,4544,11518,10894,65204,5327,3642,1271,21064,21118,7825,12275,3836,2458,3774,7998,2349,10243,42232,105660,18182,202,426,2177,54718
  2024 Jun,3711,200085,83558,12154,76120,25459,42327,217656,23831,34154,33936,39496,12594,120380,2020,5036,437,1138,1007,3589,6516,7987,61459,2252,1462,1610,11040,14014,4907,5114,2038,2108,2907,4259,1984,4513,28752,88043,14713,241,283,2554,42849
  2024 May,3857,189182,95621,13356,58311,32818,31215,222335,24044,28797,39077,39825,10959,156572,1309,5780,340,1303,217,1384,5435,11155,54520,2631,1736,1533,15066,24531,4473,7522,1213,1791,3654,3704,1457,6393,33195,79588,12808,281,372,1778,46022
  2024 Apr,4844,243892,106186,15985,53154,42507,30810,220435,26453,30309,32434,37346,11707,106715,956,6187,404,1447,313,1954,10518,11325,49741,2969,2398,2008,16785,27950,5149,7188,1763,1921,5216,3814,2123,8298,47507,96752,13052,153,582,1992,50077
  2024 Mar,4779,204970,120242,15327,100271,45975,35358,247658,35786,30344,54884,42064,8616,97027,824,4449,2207,1284,176,812,7311,12439,64440,2741,2972,2973,14035,39351,4868,6914,2417,2619,5608,4731,2911,7743,73518,90438,9008,175,346,2742,51512
  2024 Feb,4582,190713,100051,10682,55604,31089,31776,326900,26507,45705,45284,69112,8792,66149,1626,4111,506,1346,510,2003,4982,12948,60333,2444,3320,3277,17244,37724,5038,7294,2659,2344,7152,3659,3178,7967,68148,79386,8093,220,292,1621,55436
  2024 Jan,5215,268958,93381,12361,46287,27194,25911,211178,23419,38454,37684,79254,10332,82113,1411,5586,409,1075,955,2079,4759,12878,62008,2302,2986,3490,12945,40120,5573,7685,2128,2218,9466,3992,3658,7463,59068,124104,14418,279,548,3197,61415
  2023 Dec,9281,244322,102683,13146,62866,29987,24680,130156,26440,17394,32124,39198,11743,92620,1629,5975,427,693,512,1568,7156,10998,65946,1912,2042,1957,10010,25476,4237,6723,1732,1612,5523,3531,2846,6704,46184,112197,12717,188,965,4221,49244
  2023 Nov,4799,184281,93414,11774,61213,26808,27484,104347,22646,21575,41412,42614,10118,90231,1404,5048,560,592,269,2652,5120,13173,58805,2469,2276,2236,12002,26528,4119,7110,1954,2042,4695,4098,2589,6817,43195,88201,9663,269,769,1789,47299
  2023 Oct,4390,180884,88643,11360,54649,53442,32730,122765,25108,28466,38073,45621,10721,94334,1484,4487,521,1029,473,1764,5534,9006,44140,2371,2636,2059,13088,24581,4058,7363,1776,1776,3952,4717,2273,7121,36194,88033,13059,265,349,1833,48836
  2023 Sep,4502,175603,89384,10631,50679,32307,34736,135677,25848,25818,45989,48187,10240,81016,1360,5156,1009,1805,521,1844,6769,8407,46605,2850,2158,1275,13476,25075,6547,8584,2013,2062,3333,6203,1484,6079,38715,104497,15022,272,412,2323,44289
  2023 Aug,6214,168122,88044,10159,61802,34938,51381,215442,32627,38432,68304,62177,11124,83601,1497,5567,406,1669,2157,3123,8749,9877,48489,3466,1703,838,24471,24633,20896,11327,1378,1984,3493,10525,1396,6359,41765,80605,12499,243,377,1718,49116
  2023 Jul,5108,229886,84876,10811,77160,41367,60188,231331,32175,43097,42730,60960,11100,93056,2654,4509,298,1596,1511,5249,9793,9770,64786,3995,2881,1062,18158,21074,6965,10867,3585,2344,3627,5983,1930,8501,36886,98408,15350,348,413,2166,51088
  2023 Jun,4121,217052,85945,9877,71409,31029,48924,113290,23179,28980,25370,40187,9685,114588,1724,4368,322,1012,967,2965,7525,6664,59074,1646,1499,1221,9709,15026,3426,5041,1831,1626,2796,3562,1538,3991,24244,90770,13352,211,349,1946,37269
  2023 May,4570,183758,98347,10104,59346,40375,50765,95613,26356,24313,29130,39203,9529,130444,1222,4276,190,1184,305,836,5240,12592,50898,2066,1727,1122,13557,22534,4092,6631,1210,1777,3966,3689,1585,5383,30608,79700,11146,253,363,1823,40684
  2023 Apr,5850,220067,98190,11787,57030,49727,36630,90725,32791,25280,22134,31780,9824,97032,684,4897,421,1275,308,750,6714,9428,44779,2144,2407,1318,13260,24219,4220,6398,1810,1893,5044,4517,2150,7350,41576,92937,11065,155,581,2177,45286
  2023 Mar,4460,171507,97835,9122,50591,43145,31347,60888,23465,19204,36302,35396,9711,75339,1060,4088,1414,1639,205,880,6795,12626,54157,2215,2679,2131,12924,34976,4643,6956,2342,1992,6635,3936,2786,5940,50330,74268,6871,168,474,1995,45603
  2023 Feb,4739,156448,88040,7734,47446,37156,27896,35312,20227,25037,32932,64876,8006,61301,1584,3829,175,1510,359,688,4971,13407,52830,2079,3216,2312,13722,31063,4861,7053,2439,1868,7009,3302,2967,6310,45785,72385,6821,205,274,1698,45972
  2023 Jan,3653,168975,72756,8982,38484,29735,31824,28375,26208,31444,18335,60457,8789,56605,1452,3083,156,1342,672,532,4074,11207,50492,1707,2674,2247,9873,26678,4082,6430,1891,1767,6637,3229,3234,5034,38123,102888,10766,192,418,2229,44083
  2022 Dec,7324,197261,95475,10523,56509,36006,27661,19685,26605,12603,20209,31817,9857,74067,1623,4270,126,916,476,689,6135,9047,53688,1458,1769,1391,8554,20499,2777,5634,1610,1359,3503,2604,2510,4468,33051,89159,9139,220,643,3371,35150
  2022 Nov,4273,144444,72305,9070,54793,34566,30175,16024,19670,12592,22698,31627,10481,73694,1643,3896,232,1403,229,1085,4888,9638,45666,1965,2014,1810,10546,18279,3775,5853,1728,1567,2408,3939,2091,5151,33269,69046,7289,283,663,1591,37981
  2022 Oct,3733,133408,77092,9078,56747,52274,36242,14971,16052,10543,17459,28294,10975,81796,1492,4707,232,2186,222,738,4671,7217,36734,1730,2340,1759,10665,18184,3697,6523,1771,1530,1312,3987,1913,5491,30244,73728,8742,259,226,1565,34304
  2022 Sep,3809,120169,81914,8341,44856,32426,41129,14127,13659,7918,19317,26520,10694,86393,1199,4430,184,1990,468,813,4980,6594,34503,2190,2070,1122,10200,17810,4994,6814,1311,1592,756,4841,1429,4225,29963,83070,8796,255,210,1949,32185
  2022 Aug,3426,108252,63905,8594,42542,33284,48939,14735,10669,7420,19153,31174,10828,76249,1458,3901,122,1199,1053,1190,5974,6116,34497,2256,1608,628,16618,16917,9544,8174,1432,1482,484,6867,1075,4335,27611,56917,7107,197,198,1233,29381
  2022 Jul,3239,119086,61575,10398,45338,36615,48870,16622,11343,6104,12266,28570,13119,75130,1405,3058,135,1145,747,1417,6322,5268,39120,2206,2634,894,10598,12345,3366,7135,2067,1483,452,3331,1394,4747,22493,68378,7264,164,196,1281,27419
  2022 Jun,2202,110094,49878,9095,32139,23406,36857,10191,9220,3302,8386,16724,7352,64337,999,2709,169,753,281,558,3012,3651,30990,885,1098,710,5501,8868,1656,3165,1079,869,308,1603,942,2169,14906,50412,3909,132,110,938,18168
  2022 May,2271,86745,43214,6218,22379,18487,21570,7150,8115,1961,6321,10614,6352,59198,448,2759,127,930,115,333,3047,3604,19764,765,898,588,5068,7034,1372,3362,745,625,218,1291,720,2154,12737,31406,3061,62,95,599,13936
  2022 Apr,807,58330,25319,5474,16940,10647,16657,5048,7244,1052,4343,5578,7595,41079,147,2928,21,703,52,201,2539,2004,12001,564,1004,448,3744,5378,933,2391,617,381,181,1137,635,1885,10811,27380,1448,34,53,384,8978
  2022 Mar,280,13622,10610,3516,6250,3038,2932,4131,3774,597,869,2686,7480,27531,54,1529,12,321,4,79,1084,871,5448,214,438,181,1759,2434,450,940,168,105,78,391,337,718,5498,7883,161,19,5,49,2661
  2022 Feb,163,6872,4468,2024,2026,1622,1055,3823,1794,531,534,1972,3361,15567,28,885,4,298,4,29,203,545,3775,70,340,129,1760,1645,346,713,69,49,49,228,237,576,3797,4546,79,7,6,23,1513
  2022 Jan,113,5885,5203,2954,1469,1060,627,4361,901,430,552,1953,4893,11428,68,444,3,94,2,37,110,469,2264,61,194,121,1077,1193,212,474,95,44,50,238,214,372,2362,3759,87,12,7,39,1243
  2021 Dec,231,11177,10939,2991,1966,1421,840,4764,754,392,580,2187,5559,27672,59,587,11,99,1,46,141,743,3720,68,244,157,1195,1594,319,717,56,53,42,213,211,515,3668,5525,63,14,9,12,1241
  2021 Nov,138,5756,2537,1242,2450,361,407,3479,527,279,430,1600,4170,7488,36,150,5,131,16,39,152,229,1890,51,190,19,799,1074,239,432,49,13,37,199,42,238,2117,1624,25,19,2,23,475
  2021 Oct,121,1954,2104,312,1042,623,264,6065,494,378,779,485,1079,2936,6,19,10,107,4,27,127,121,840,22,74,23,423,997,98,208,54,44,44,95,53,78,965,263,58,10,3,33,564
  2021 Sep,70,669,797,159,655,290,104,8952,669,442,780,519,385,678,6,15,6,33,5,17,82,139,652,33,37,19,337,769,69,117,56,39,28,44,31,68,391,278,75,7,1,16,470
  2021 Aug,81,315,683,87,392,264,89,8907,602,456,341,373,2,95,4,6,2,60,7,32,78,72,828,40,33,16,327,139,54,54,39,31,32,38,41,108,367,301,50,12,5,5,419
  2021 Jul,104,156,554,247,438,334,116,12669,750,79,297,202,1,332,2,2,0,65,0,6,42,53,685,23,7,11,97,151,33,34,12,21,13,24,24,43,291,289,73,0,0,17,220
  2021 Jun,64,519,402,175,262,99,36,6983,361,29,121,98,3,12,0,2,0,30,0,1,22,14,206,6,3,6,26,42,8,18,2,4,5,7,2,12,100,193,58,1,0,6,91
  2021 May,48,1800,844,720,745,163,147,7388,276,178,281,170,32,84,0,5,0,48,0,2,42,27,254,26,17,16,83,57,16,36,15,6,17,6,6,23,92,250,32,5,4,9,220
  2021 Apr,80,3278,1442,1176,789,246,239,9056,221,302,797,271,1700,3729,13,165,4,62,0,7,59,50,563,26,23,11,174,114,58,79,43,10,35,35,29,49,136,242,39,6,3,12,364
  2021 Mar,119,3032,1530,964,1112,178,363,8892,245,316,601,405,2736,4193,30,238,8,30,0,1,67,77,423,14,30,15,147,135,73,58,23,12,53,25,50,53,168,274,28,8,3,8,465
  2021 Feb,84,2176,1130,905,880,179,286,4498,245,231,358,385,1203,3215,14,107,4,11,5,7,58,76,387,22,23,17,204,146,70,98,31,14,42,33,19,77,146,234,31,6,1,8,475
  2021 Jan,108,2625,1255,1223,763,221,553,6599,288,325,555,431,1027,3946,25,172,4,28,0,11,70,87,509,24,49,45,402,194,193,106,45,16,40,58,37,51,111,579,63,6,4,10,508
  2020 Dec,170,4204,1405,716,1175,323,803,7657,510,244,712,437,267,2252,37,90,6,49,1,2,93,71,515,14,18,12,166,172,60,89,16,17,61,30,21,63,290,887,106,13,2,15,379
  2020 Nov,104,3121,1270,472,710,195,566,4007,313,146,763,279,65,500,18,46,8,37,0,11,48,62,414,10,27,17,122,114,37,76,15,13,36,30,15,50,267,438,38,6,5,13,265
  2020 Oct,120,2424,1415,331,1076,229,759,3169,300,152,513,277,52,428,28,34,2,27,0,11,73,47,407,16,19,18,213,121,66,77,16,10,30,22,24,77,205,223,63,6,4,14,301
  2020 Sep,91,1428,1063,244,360,260,310,2422,291,128,353,215,36,394,22,32,6,13,3,3,69,45,356,12,25,21,190,78,39,41,33,24,24,44,9,43,253,155,63,10,0,10,282
  2020 Aug,8,1027,718,155,480,206,230,2163,342,113,511,317,35,581,42,36,11,16,6,5,44,39,400,15,24,45,240,133,36,41,25,8,41,28,23,49,239,166,12,12,0,21,269
  2020 Jul,14,793,626,52,400,243,169,958,333,115,565,262,3,634,24,18,0,40,0,2,75,49,360,19,11,5,90,74,45,46,9,18,28,29,12,47,278,131,27,4,0,10,225
  2020 Jun,1,301,464,8,128,158,40,118,68,34,137,48,11,130,3,3,0,4,0,0,19,10,130,3,1,0,21,19,8,9,5,1,35,2,1,12,77,63,3,0,0,7,89
  2020 May,0,196,157,7,65,138,11,23,2,4,30,8,1,79,1,5,0,4,0,1,1,0,34,3,0,0,2,7,2,0,3,0,7,1,2,3,17,16,1,0,1,0,48
  2020 Apr,3,208,96,6,32,153,5,18,13,2,25,9,4,87,0,2,0,0,0,1,2,0,13,0,0,2,5,2,1,1,1,2,7,0,0,0,18,7,1,0,0,0,24
  2020 Mar,514,46499,14887,4762,11860,2898,5390,1488,5315,1419,11611,1198,3738,17848,285,1660,8,211,16,44,587,2414,10408,819,1206,1179,5464,14758,1238,2903,857,653,3707,1306,1486,2326,20614,18736,2127,69,62,854,14577
  2020 Feb,1764,115351,40829,8018,32073,24667,19791,6222,12808,16922,53425,16195,6054,52946,742,3591,518,1377,125,407,2268,9146,37568,2444,4082,4009,18495,39857,7492,6637,3188,1483,9135,3892,4539,7352,49475,54791,6185,302,228,1723,44850
  2020 Jan,5364,282144,90720,11341,49522,34152,46350,329047,38681,42608,57234,70277,11631,99643,1774,6236,493,2958,1127,3007,4178,15044,72577,2704,3835,3713,16613,40228,10661,7940,3262,2487,15880,4872,6982,8648,61634,130626,15141,584,1185,4659,70340
  2019 Dec,10298,339505,133278,13536,76603,40733,38451,272742,44954,20723,69706,49219,13812,115193,1976,10983,581,2032,729,1344,7174,14314,76133,2536,2844,3263,13745,34026,11129,7148,2860,2006,9629,4942,6391,8986,54172,117796,13501,637,2920,8596,63815
  2019 Nov,6366,266774,111473,12598,72701,40986,45125,248636,40383,28548,72765,52765,11040,113717,1474,9755,698,2009,450,999,6406,11355,63363,2820,2800,2775,15407,37191,6074,8111,2584,2201,8171,4946,3908,8759,48343,89052,9615,474,1410,3042,55599
  2019 Oct,4687,251936,97378,13824,73812,63335,41501,258611,36073,34588,80106,56598,12810,116182,1370,8108,738,2982,357,909,5338,8869,52674,2576,3168,2843,16369,28485,5655,7566,2633,2117,5569,4798,3677,8629,48679,97092,13233,402,773,3087,50342
  2019 Sep,6356,237637,98438,11742,62660,39776,44012,248568,35351,33138,80823,51660,10698,105075,1474,8314,1083,2160,382,959,5312,7996,49493,2677,2878,2210,15137,26979,6993,8423,1975,1945,4385,6479,2307,6753,49918,109506,15783,414,625,4257,50792
  2019 Aug,5156,228095,100225,11942,66587,39919,59034,397070,52768,45776,108104,65643,11808,108736,1547,9693,798,1937,2110,2490,11049,11130,54865,4092,2781,1226,28953,27209,21699,12792,2106,2093,4059,12701,2454,7687,50718,84023,13913,440,943,2815,56916
  2019 Jul,5882,294173,93071,14805,68893,51916,78515,389503,50820,55340,71410,59119,12564,112026,2581,7768,413,1866,1663,2489,9561,10260,71343,4483,5408,1992,21953,23843,7418,11757,5103,2722,4030,6997,4199,9690,43869,107383,17922,705,1180,2900,53058
  2019 Jun,5276,311036,102074,12899,73977,35558,72441,266107,36226,34189,56709,45706,13393,144118,2698,7221,388,1502,932,2204,6917,7436,67088,1860,1881,1867,11822,17574,4404,5341,2319,2108,3535,3746,2612,5089,32813,87793,14219,493,802,3428,42046
  2019 May,5370,215825,106518,13300,89800,45735,49071,283445,36429,28308,59138,43561,9595,182727,856,6772,212,1523,130,378,5297,11015,51455,1967,1850,1483,14413,18753,4775,6589,1791,1623,5276,3374,2402,6347,34740,80476,12791,198,590,2560,39333
  2019 Apr,5159,240868,95076,16252,83453,57010,45613,302098,52206,32924,65212,39464,11091,120225,1293,10438,323,2071,514,1019,7716,11429,54189,3530,3286,2148,17974,33428,6381,7791,3405,2026,6112,4865,3920,9929,56004,107503,14142,415,1192,3422,53608
  2019 Mar,7996,249164,106200,13499,59383,45072,41153,300209,34355,29032,84048,47168,10894,106506,1419,7044,1864,1945,522,952,7546,15968,65415,2800,3562,3106,19099,44963,7201,8288,2811,2115,8585,4274,4849,8336,66796,73841,8108,314,846,3219,54197
  2019 Feb,4105,213991,88706,10522,52211,33685,44283,339550,38921,42977,69885,62241,9321,88926,1327,6277,446,1896,662,765,4409,13833,56240,2489,4049,4220,19884,41522,10085,7435,3441,1737,8145,4065,5707,8564,62481,66199,6831,341,842,1845,53990
  2019 Jan,5953,261622,88293,11074,49245,34822,32747,320581,30056,40086,66402,72704,9960,104562,1959,6367,420,2374,1174,963,4805,14958,67151,2632,3542,3642,18052,46784,10910,8212,2902,1999,12763,4212,7721,9232,59288,122672,12969,349,973,3566,63895
  2018 Dec,10490,321060,142986,12753,72787,37270,37772,238194,36982,24048,63738,42223,11297,117495,2373,9116,292,1682,778,1304,6704,13614,64115,2481,2660,3357,12922,39214,8637,6999,2570,1582,7989,4053,6588,8809,46047,104928,11860,435,2835,6378,53800
  2018 Nov,6118,226425,117793,11846,66526,38796,38089,220053,32620,25608,73787,50634,9001,121319,1464,8097,342,1704,375,768,5652,12031,56184,2727,2631,2585,16162,29465,5973,7686,2611,1862,7139,5173,4308,8447,48748,74827,8603,289,1894,2154,48469
  2018 Oct,5017,225244,103676,12874,68218,65734,41185,247664,34865,30334,74019,53926,11206,114000,1643,9312,233,2073,370,703,5129,8923,46260,2670,3097,2867,15717,28808,5777,7839,2608,1842,5274,5138,4051,9085,48279,95096,12404,393,915,2712,50200
  2018 Sep,6133,224629,106880,10211,57241,40580,43407,239824,35588,32317,77013,47734,10074,102251,1808,9442,551,2379,385,807,5174,7669,42379,2586,2519,2021,13550,28000,7349,7998,2124,1762,4456,6652,2306,7084,53207,107933,13767,372,746,3084,43157
  2018 Aug,5168,217787,103490,10759,63556,40452,60051,380108,56484,46429,100491,62729,11010,100744,2519,12264,874,1931,2347,1677,10476,9887,46269,4142,2525,1156,28097,29525,22950,12488,2206,2069,5014,11978,2708,8406,51036,83185,12669,368,956,3052,51090
  2018 Jul,5769,263277,94611,13189,64757,53379,79816,361019,52507,52987,68146,57823,10784,117798,3833,10183,923,1756,1634,1708,9444,9182,60786,4902,4796,1835,21991,25215,7779,11596,4842,2515,4158,7079,4279,10670,44778,108107,16705,423,1240,3606,51069
  2018 Jun,5897,332990,113049,12008,68932,38113,69697,242118,38115,34122,53413,45325,11161,154945,2550,7904,822,1426,751,1183,4969,6964,57674,1845,1868,1876,10706,17397,4997,5647,2464,1741,3960,3811,2677,5025,30952,90665,13120,240,659,2772,38129
  2018 May,5250,227536,91244,12274,83657,49858,53025,264802,36379,28056,53474,46720,9341,196072,1492,8880,551,1288,280,452,4811,9354,45553,1874,1996,1379,15071,20136,5299,6932,1483,1514,5265,3770,2143,6849,33852,78210,10907,271,721,2237,40633
  2018 Apr,5766,235260,98351,16422,79128,61015,48758,291119,41414,35913,50253,44550,10084,122229,1893,15128,937,1775,511,625,6215,10655,50463,2938,2734,2203,18647,26640,6599,7996,2449,1841,7017,4483,3620,9584,54566,99046,11412,427,1337,3373,48872
  2018 Mar,8171,260685,109897,13797,62876,47744,41109,274879,41979,30448,83064,49127,11243,105560,2382,8101,4963,2115,624,903,8694,14317,61354,3029,4091,3963,17579,36973,7967,7772,3883,2232,9516,5684,6403,9691,68106,87152,8005,466,749,3210,53903
  2018 Feb,5105,221178,85212,9594,45279,34566,42823,366616,36433,47769,68191,53161,9397,81797,1302,7316,1777,2138,566,523,4311,13438,54240,2591,4597,4780,18539,36701,8919,7699,3517,1737,8901,4399,6765,9607,57901,63229,6311,265,1006,1899,49875
  2018 Jan,6076,265384,86833,9883,45184,38143,35882,291208,29758,34907,64087,75502,11716,108067,2071,8059,1673,2118,1173,1276,4689,13482,57991,2482,3903,4558,15788,38733,9760,7680,3204,1980,15838,4664,7574,9137,51537,114846,11914,419,1041,3934,59205
  2017 Dec,10761,330156,135260,13462,65926,38710,38618,244241,36712,21430,63553,43484,12479,114738,2521,12684,1304,1571,726,817,7163,10443,54367,2218,2530,3392,11852,28863,5201,6504,2235,1525,7896,4041,6052,8508,42007,105085,10801,382,2174,6040,51184
  2017 Nov,5258,231705,105404,11402,64826,39331,36964,251096,33174,25919,75348,52123,9023,86432,1816,9585,1402,1566,422,754,5592,10203,52454,2454,2785,3170,14210,28423,6425,7387,2480,1753,7084,5615,4425,9023,45133,81822,9349,388,2328,2200,49077
  2017 Oct,4202,221036,96015,11616,60194,61448,39013,245755,32964,33282,64624,53430,9555,120100,1552,9313,1423,2051,343,621,4922,7388,40428,2425,2942,2940,14082,27617,5280,7147,2232,1807,5459,5534,4054,9833,41920,90940,11834,403,765,2416,41394
  2017 Sep,5387,216278,90837,9888,52500,39692,40270,226978,31937,29364,69742,47602,11277,102262,1968,9322,2840,1528,555,883,5695,5999,36834,2500,2152,2076,11584,24858,6568,6902,1721,1657,4483,6101,2226,7272,42423,100987,12021,339,639,2638,41265
  2017 Aug,4610,217339,91135,10934,53539,40993,51866,357287,55265,42151,94900,60957,9652,91551,2159,11805,1724,1610,2124,1315,10315,7808,41163,3249,2321,1294,23815,26590,19114,10254,1704,1815,4933,11064,2443,8432,43467,75171,11197,373,998,2226,46621
  2017 Jul,5625,268010,87138,12619,58727,48620,71153,349654,54124,48487,63193,58326,11416,97125,4160,7806,1423,1807,1604,1427,9640,7924,53111,4055,4278,1618,18255,21206,6984,10462,3872,2229,4374,6321,4027,10967,38424,104873,15358,368,1205,2900,47240
  2017 Jun,5758,281171,102776,12144,62002,34623,62831,218118,32684,30655,52932,49487,9972,136478,1421,6806,1607,1171,576,640,6688,6217,52583,1741,1685,1885,9643,16274,4048,4859,2134,1545,3992,3305,2421,5201,27974,84840,11805,191,539,1936,32243
  2017 May,4645,220534,90335,11705,77671,47074,43434,232361,33784,31092,54012,52762,9548,172822,1383,8870,1115,1627,314,594,5125,7617,40789,1758,1671,1596,12333,17427,4337,5842,1387,1476,5123,3244,2079,6683,30066,71970,10261,260,619,2311,34241
  2017 Apr,4662,248048,94550,19610,81952,58504,39370,252135,53971,30142,46245,48829,8949,109303,1434,12363,922,1698,436,928,6122,7684,40662,2955,2977,2492,15681,30420,5450,6641,3041,1731,6616,4391,3662,11697,48170,93927,12447,342,1221,3789,44581
  2017 Mar,7835,256636,105372,12656,61816,47025,37887,264711,33561,27976,82293,43942,10218,85299,2050,7058,8000,1633,703,1111,8333,11493,52107,2678,3182,3101,14751,43618,5470,6755,2675,1738,8963,3866,4664,8197,58635,85040,8459,390,864,2759,44641
  2017 Feb,4379,208853,85058,9783,51160,38502,34586,268993,33169,38866,72654,60174,8788,75905,1522,6246,1704,1799,508,835,4834,11213,49370,2431,4099,3834,16851,40022,5320,6971,2990,1625,8949,3625,5726,9867,54456,71416,6928,312,908,1687,44092
  2017 Jan,5297,254634,84504,9902,46187,36813,35367,316805,34436,36187,53377,60247,9712,80062,1520,5931,1421,1630,1154,1065,4578,11225,51562,2336,3364,3929,12356,37068,6231,7187,2522,1706,12262,3529,6232,9079,46364,115930,10778,281,1142,3724,50843
  2016 Dec,10229,329994,128897,13691,68624,43619,35494,226020,36763,21454,62570,38601,10960,94323,1947,12307,1391,1441,779,809,7575,10047,50542,2166,2173,2750,11749,35176,5656,6200,2170,1432,7739,3592,4830,8513,39465,100849,9994,338,2394,5305,45566
  2016 Nov,5256,219845,101549,7648,55814,35520,33482,193984,30832,21568,64466,36314,9830,90734,1473,9161,1632,1729,365,1123,4803,9104,44971,2491,2273,2390,12615,28441,5425,6777,2440,1453,7286,4088,4142,8766,39718,73308,8529,350,2478,2092,39168
  2016 Oct,4022,213070,92736,8218,57924,58094,32192,173185,31512,26270,62858,34346,10078,94649,1901,7825,1718,2232,372,598,4527,7170,40277,2565,2795,2725,14543,27153,5336,6602,2286,1693,6006,4166,3422,10464,43841,85395,10961,370,1013,2809,37756
  2016 Sep,5551,186610,93519,7102,45804,36911,32777,170204,30252,30267,68997,37742,10081,75074,1893,7745,2534,1639,1399,1750,7531,5257,33262,2282,1891,1688,11176,22567,5731,6078,1651,1425,4503,4377,2076,7003,36529,92210,11514,448,688,2430,33895
  2016 Aug,4665,210626,81655,8012,50362,39434,46773,315548,70842,42274,93619,62018,9694,80977,2494,11142,1901,1556,2224,2074,9881,6896,38116,3147,1940,1114,23795,25895,16139,9452,1668,1443,5002,8652,1908,8475,43301,78888,11873,462,882,2282,42775
  2016 Jul,6409,319759,100397,9937,55005,49788,59800,311124,69847,46691,64715,54700,12303,87919,3823,7919,1529,1446,1946,2278,11168,7547,47089,3310,3506,1586,16844,19327,6093,9454,3166,2006,4349,4973,2991,10602,37272,103689,14548,340,823,2806,41581
  2016 Jun,5061,235444,91901,9731,56702,36982,52449,221614,42330,36718,54993,43766,8949,112026,1196,5764,972,1007,259,501,4478,5360,46155,1586,1515,1434,8954,13776,4272,4510,1887,1579,3486,2541,1963,4779,24413,77805,10862,197,579,1832,28203
  2016 May,5768,258606,92668,9470,76646,52331,40046,234089,39959,28809,55006,44932,10700,141986,1824,7434,1198,1371,549,1049,5670,7211,38422,1848,1618,1490,11789,17868,4300,6273,1849,1349,4411,2973,2063,6626,27667,64175,9715,424,621,2202,32538
  2016 Apr,5466,215353,97070,14495,74245,62514,38398,269560,42712,33107,49613,41356,10303,94578,1439,12708,819,1270,404,789,6712,7598,39355,2411,2273,1889,16628,21371,5783,6362,2267,1406,4961,3156,3165,9192,45552,93320,10042,410,1196,3055,39669
  2016 Mar,7100,238160,98135,10517,58963,48381,33122,241230,58341,27401,79146,40959,10845,78859,1409,6699,6275,1582,674,1332,8349,10517,46658,2760,3441,3186,14259,40603,4825,6646,4125,1823,6744,4382,5278,8782,54800,78701,6616,283,892,2966,40841
  2016 Feb,4768,216284,85850,7090,47217,38650,35731,277926,49837,42569,65604,57595,8445,64702,1250,6577,1516,1655,470,797,4470,10558,42751,2503,3988,3959,16417,37455,4883,6753,2749,1418,6412,3159,5075,9181,48378,61900,5463,416,425,1696,40555
  2016 Jan,5596,249876,87208,7703,44334,44330,29145,229150,34742,37087,62275,74180,11151,81363,1563,6624,1156,1707,1682,1420,5048,11209,48852,2289,3833,4431,12144,39133,6186,7135,2992,1916,9504,3432,6852,9072,48413,117073,10983,387,841,3359,44747
  2015 Dec,12379,311475,130551,9680,68114,45441,30159,168831,45853,22303,66719,44821,11554,87950,1764,9960,1397,1196,878,903,8192,9952,45546,2329,2324,3231,11443,35172,4800,6154,2514,1467,5807,3064,5423,8400,39757,101624,9726,298,1549,4866,39412
  2015 Nov,6191,200687,106214,7625,60583,38576,29284,158736,37241,24062,67840,44988,9272,88350,1446,7432,1048,1421,327,797,5450,8581,41457,2271,2656,2761,12269,27994,5317,6627,2615,1480,5518,4464,4078,9481,42034,76369,9070,325,1087,2347,37621
  2015 Oct,4825,204574,88338,8762,58357,63693,30686,165649,41272,27525,66416,50582,10394,86649,1857,8083,943,1456,550,893,4984,7858,39683,2336,2590,2569,13334,24718,5042,6557,2675,1386,4900,4046,3753,9188,40871,96340,11462,532,474,2981,37164
  2015 Sep,5761,187629,93334,7461,48209,39567,28282,149929,40315,27836,73972,39063,10159,69846,1383,7477,1473,1356,1024,1845,6781,5196,32749,2155,1974,1451,9816,22303,5291,5761,2068,1335,3725,4330,2102,6938,37374,97071,12412,444,411,2642,31726
  2015 Aug,4585,205671,88834,8000,52997,39579,39519,267122,89436,45292,92793,60468,10353,77137,2250,8965,889,1323,2395,1932,10164,6734,39090,2905,2161,1222,22241,26784,15817,8040,1978,1631,4618,8377,1946,8253,41077,83063,12497,574,694,2183,43473
  2015 Jul,7237,305600,102347,8757,49724,45729,54711,246819,82817,50278,67682,48375,11793,83806,2281,6782,665,1266,1631,2177,10044,6984,45139,3225,3786,1308,16926,18815,5402,9364,3874,1576,4071,4875,2911,10657,36643,97583,14756,296,601,2752,37168
  2015 Jun,4992,238403,100074,9326,53329,40121,45490,144533,45453,30565,53257,37193,9737,101773,1947,5832,646,1087,538,735,5101,5914,44929,1599,1635,1551,8969,13660,3915,4553,2260,1369,3644,2717,2091,5203,25543,82755,11593,226,600,2048,27841
  2015 May,5378,238688,100340,9162,72159,45674,35974,141375,45742,25498,52971,43883,10447,130511,1291,7652,488,1188,463,711,5278,6637,37117,1765,1642,1373,11686,16266,3923,5797,1497,1224,4523,2953,1985,6699,28125,73965,10077,355,513,2351,27490
  2015 Apr,4977,207138,90515,12969,72259,47838,36472,153784,58959,29229,46687,41602,9809,84041,1125,11103,548,1264,476,873,6628,7086,36186,2369,2301,2198,13135,20086,4870,5989,2652,1434,4371,3094,3138,9308,39822,83497,9492,348,858,2885,35209
  2015 Mar,6989,211347,101929,9681,53649,43504,30907,130827,41803,24694,79941,42872,10186,70302,1234,7640,2937,1414,546,1777,7588,10515,48341,2594,3246,3110,12789,31468,5311,7127,3535,1617,5154,3715,4284,8777,50741,70708,7854,419,567,2541,35468
  2015 Feb,4759,184183,82408,6204,41155,29889,28150,238011,46985,40059,62422,51415,7960,60016,870,5987,632,1347,519,948,3871,9915,42427,1968,3634,3390,13590,24937,4192,6678,3123,1277,4861,2893,4556,8475,47051,65009,6349,268,557,1619,34259
  2015 Jan,5521,236295,86193,7825,42839,36798,28632,140548,34012,30685,58479,71820,10923,73605,1500,6139,601,1425,1420,2500,4612,10875,46845,2063,3440,3740,11285,24529,5470,6405,2859,1551,12650,3546,6295,9470,44923,115584,12330,453,828,3255,41840
  2014 Dec,11998,315395,143276,9859,64526,39035,31185,124615,45669,18577,71920,40918,11631,82520,1505,8608,934,1120,781,1292,7868,9234,43188,2321,2485,3210,10708,24156,5124,6222,2758,1198,8004,3348,5363,8630,38438,97855,10015,457,1420,4842,38333
  2014 Nov,5806,219369,106313,7973,53508,35138,29938,131731,39019,21240,69415,40230,10027,71555,1242,7603,758,1602,404,1660,4754,7662,39705,2546,2372,3054,11762,21514,5559,6447,2689,1363,7246,3757,3498,8983,37919,73262,7435,397,1024,2310,34441
  2014 Oct,5440,226630,97184,8958,58572,53916,30552,133993,40146,24197,68609,44810,10722,88855,1161,6987,756,1441,896,2349,6704,6696,36306,2029,2754,2522,12351,21905,4389,6051,2328,1353,6507,3488,3331,9515,36986,87565,9146,406,475,1853,32693
  2014 Sep,5601,206593,99339,8294,47246,35122,28960,105780,39931,25373,74408,39276,9486,65751,1115,7536,1254,1134,532,2311,5012,5022,33053,2233,2199,1759,10323,22156,5164,6027,2132,1281,5384,4153,2034,7645,35981,97642,10593,399,475,2354,30563
  2014 Aug,5079,234710,93222,8903,51074,40849,41775,174150,87173,38422,95248,56623,11690,69960,1951,9649,892,1166,2784,5290,11862,6641,38067,2946,2052,1108,20541,24544,13280,8541,2040,1429,6129,7295,1841,8837,38360,82448,10939,448,655,2037,40285
  2014 Jul,6305,296880,101461,9345,49506,43785,55951,180653,80808,44229,69419,46666,10108,72724,1374,5711,844,1065,1208,1760,8544,7052,43508,2987,3293,1266,14405,17014,5153,8089,3328,1734,5280,4047,2716,10503,32056,106641,14075,214,708,2448,33537
  2014 Jun,7393,278181,108945,9530,56224,39083,48999,91485,47182,25807,56044,37589,11100,94738,2799,6369,685,1193,769,2205,5676,5516,41609,1654,1653,1532,9288,13270,3674,4962,2093,1357,4874,2515,2160,5454,25135,81558,10922,307,525,1800,27568
  2014 May,6254,267714,100648,9538,76976,46683,36630,95987,47859,26699,54173,41946,9853,118953,1357,6994,443,1075,390,1556,4609,6803,35355,1792,1624,1495,11980,15425,3712,5888,1854,1113,5746,2657,2417,6710,27667,78280,10812,322,390,1912,28241
  2014 Apr,4741,230236,94982,15255,73558,56136,30234,126507,69675,25865,50751,36247,9817,79536,1225,11131,577,1273,448,1379,6512,6861,36594,2664,2649,2305,13643,22125,4684,6517,3938,1278,6996,3394,3676,10025,43708,99811,9520,333,748,3364,34389
  2014 Mar,7545,246308,107002,9789,57050,46338,31060,165642,43218,22115,85946,40995,10721,70488,1570,5772,3433,1320,587,2037,6286,10905,49729,2821,3234,3449,15735,30806,5940,7969,3397,1464,9563,3444,4821,8829,49474,74578,6872,328,478,2280,36213
  2014 Feb,5076,219036,91181,7513,44539,35161,33053,203600,48440,32874,69230,51930,9343,62999,1117,6006,896,1556,1471,1322,4072,10118,44052,2482,3860,4580,14180,25422,4944,7458,3516,1325,9154,3022,5289,8994,43998,69119,6893,351,481,1729,36857
  2014 Jan,6418,284126,89482,7807,43702,35263,26071,188237,41909,32033,59578,59745,10428,65557,1259,6440,898,1325,766,2617,3843,10317,43746,2220,3717,4427,11966,25176,5429,7640,3435,1514,15770,3095,6910,9319,42345,126119,11466,399,646,2829,39853
  2013 Dec,13399,321257,142131,9892,64044,42796,28896,121232,44788,19212,70932,35986,10783,83161,1628,11380,1090,1167,902,1219,7039,9537,41785,2325,2396,3638,11697,22142,4874,6000,2786,1347,9435,3050,6052,8900,38994,106584,10383,323,1332,5395,35495
  2013 Nov,7346,238233,129955,7531,55195,34685,27353,119618,38801,22197,72603,40388,9899,74389,1309,6408,732,1175,371,1007,4674,8000,39620,2390,2345,3280,11359,21213,5140,6568,3121,1232,8376,3338,3593,8549,39370,78324,8430,293,1150,1873,32569
  2013 Oct,5879,246115,98097,8934,61360,58887,29011,117955,37570,23246,68034,40157,9843,72429,1675,6932,883,1254,1108,2588,7356,7158,37555,2219,2877,2249,12384,21759,4550,6732,2765,1598,6748,3257,3491,9054,36491,96454,10359,418,559,2113,33643
  2013 Sep,4824,218751,98973,7190,47879,36254,28276,179130,33514,27180,73786,35599,9589,64556,1419,7144,1431,1330,850,1089,5089,4937,33741,2051,1964,1558,10508,21012,5029,6272,2250,1298,4726,3636,1952,7402,36541,105179,11081,316,428,2934,27474
  2013 Aug,6109,328174,116392,7020,51817,36548,34980,242256,61337,40571,92179,45986,10463,66274,1956,10237,961,1270,2943,3606,10701,7008,39079,2838,1995,1092,21876,22265,13117,8568,2273,1562,5184,6584,2049,7638,39533,79221,10765,371,624,1730,36368
  2013 Jul,5922,260700,93299,8427,49225,41912,47834,248635,67662,47290,70113,41913,11364,73550,1512,7038,606,1313,475,935,6403,7401,45176,3049,3672,1295,15466,18262,5303,9591,3501,1654,4784,4024,2710,10154,35349,112743,14813,224,693,2528,31137
  2013 Jun,7837,295907,107286,7718,55868,36018,42194,166890,43857,29680,57757,36409,10360,99754,2770,6206,699,1215,857,2839,5375,5748,45860,1735,1868,1620,9349,13453,4185,5661,2463,1388,4264,2278,2240,5735,28866,91231,10626,410,582,2645,29247
  2013 May,5574,251092,109517,8432,76929,48171,30496,198429,40898,22261,55491,33857,9611,122030,1646,7066,421,1044,320,954,4477,6699,36909,1850,1691,1527,12432,15763,4407,5916,1904,1264,5566,2317,2199,6663,27724,84444,10225,249,500,2301,27016
  2013 Apr,4486,218602,95414,13031,73215,54728,31863,227870,40252,24261,53292,31296,9832,76103,1572,12588,504,1023,479,1089,6582,7769,38908,2025,2149,2213,13403,18494,4011,5891,3073,1255,6499,2508,3243,7455,38620,94285,9035,324,738,2494,31772
  2013 Mar,8290,259244,108683,8693,63521,44202,27732,205790,50220,22606,87359,36755,9617,70480,1734,7474,2223,1241,550,1610,6560,9635,46881,2712,3545,3271,16120,31307,5463,7476,4885,1856,7873,3469,5395,7766,52527,87652,7087,289,572,3184,35342
  2013 Feb,4427,196059,91895,5680,44540,30311,28981,252958,48473,39087,68442,40229,7379,59665,1249,6392,731,1196,1302,972,3873,8995,40696,1973,3673,3755,12621,23053,4309,7098,3524,1361,6482,2530,5440,7107,44608,69470,5735,288,459,1606,32741
  2013 Jan,5773,254725,89300,6819,44201,32897,22879,189107,32438,32717,62857,53193,10584,71162,1778,6741,675,1351,456,1988,4424,9798,45736,2185,3745,3877,12798,22837,6262,7153,3382,1631,12197,2516,6892,7957,42983,119592,11908,277,909,3191,37827
  2012 Dec,12353,307155,135669,8073,58363,40548,28176,171109,42299,20995,69538,31232,10096,78272,1717,10726,693,1035,698,1100,6444,8932,43787,1922,2391,3668,11810,22338,4986,6028,2970,1395,7303,2415,5809,6923,38331,103207,10323,277,1271,4940,33219
  2012 Nov,6194,229432,124008,6870,55125,33908,25249,177112,36704,20223,70696,34014,8922,74794,1395,6607,738,1091,416,1006,4305,7659,40170,2188,2290,2889,12585,20254,5298,6638,3502,1683,6370,3264,3875,7564,39523,83972,8550,341,1158,2230,31267
  2012 Oct,5070,215668,93945,6935,56058,57136,25749,170529,38630,20456,62436,34713,9456,72348,1368,7229,575,1331,550,2517,5100,7002,38016,2046,2517,2541,11328,20744,4265,6884,2907,1740,4909,3646,3035,7634,38087,100138,11158,324,512,2230,33118
  2012 Sep,4106,195481,90484,6502,46880,34926,25917,128830,34584,18385,65991,31247,10030,58748,1710,6398,1747,1171,597,1080,4588,4858,32008,1970,1885,1586,12529,19658,5174,6117,2254,1421,4002,3565,1905,5931,34867,100891,11669,340,571,2639,26106
  2012 Aug,5860,276938,107841,6527,45775,38137,33230,206734,48138,27903,82747,47383,9707,63579,1394,7979,1985,999,1231,1785,8068,6454,36979,2692,1864,992,20864,20355,11397,8361,1903,1661,4101,5802,1872,6816,34351,79292,10901,258,932,1841,29976
  2012 Jul,5485,246772,90449,7699,45249,34542,46521,201652,50113,33511,61139,42524,10330,68749,3327,5847,1403,1239,965,2176,7448,7346,44265,2884,3359,1425,15402,17784,5403,9847,3587,1862,3848,3663,2430,8219,31208,105570,13772,315,615,2674,30993
  2012 Jun,6980,253510,107356,7397,49957,34526,39560,122630,36897,21006,52387,34394,9782,93694,3119,6040,1345,1088,979,2519,5716,5356,43468,1669,1801,1745,9301,13106,3668,5194,2506,1560,3567,2263,2043,4657,25663,92951,12021,304,681,2591,30742
  2012 May,4649,228359,99568,8984,72484,42583,30562,139946,33091,20607,50006,33018,9231,124147,1489,5346,924,977,318,874,4312,6166,36739,1661,1644,1607,10902,14377,3639,5329,1875,1240,3939,2131,2008,5467,26743,72641,10137,267,534,2251,23676
  2012 Apr,4472,214289,96892,12114,75052,56217,29837,173543,47141,22999,49203,31252,9279,76035,1294,10243,886,979,389,1029,5282,7294,35169,2637,2660,2358,14517,19375,4848,5609,3444,1463,5023,3051,3447,7726,38489,81927,9881,345,1220,3018,30025
  2012 Mar,6942,227695,108054,8197,58682,43230,28214,182348,35154,21401,74995,34077,8951,65547,1492,5286,5048,1216,340,1244,6088,9930,45720,2610,3557,4144,14253,30111,6122,7163,4579,1817,6603,3107,5175,7958,52121,70960,7469,271,813,2992,31457
  2012 Feb,4782,211738,88451,7038,50931,33176,26059,158002,30416,27260,67306,45397,7639,61815,1405,6251,1483,1336,655,975,4211,8303,41970,2392,4261,5586,14493,27868,5314,7351,4038,1557,6533,2398,5967,7709,47150,63878,6613,319,729,2172,31627
  2012 Jan,4862,230500,88970,6710,42248,28725,27160,201742,39000,27457,50672,45933,7250,57265,1496,5407,1726,1138,483,1664,3990,8495,38922,2153,3250,4792,10939,26463,5443,7082,3238,1566,12759,2473,5682,7253,40139,94946,11207,269,821,3185,33032
  2011 Dec,10382,284232,130493,8594,57114,39338,26995,113390,36204,15153,62585,29605,8366,78434,1850,11387,2029,778,495,1167,5857,7610,36418,2025,2232,4319,12050,21448,4873,6168,3097,1526,6881,3060,4934,6687,37068,84723,10514,253,1837,5305,29161
  2011 Nov,5139,188488,104972,7096,52726,29299,23406,100824,31543,15865,61293,33145,7610,72387,1486,6560,1827,1085,668,1907,6958,7843,36701,2181,2279,3092,11166,22487,4718,6532,3377,1695,5517,3173,3947,7767,39094,70012,8888,279,1080,2100,29575
  2011 Oct,4238,193879,88770,7624,63218,53133,23285,133563,31027,17775,57677,33594,8085,77196,1574,6469,1706,1136,361,1142,3710,6814,36840,2222,2241,2202,11204,18938,3767,7112,2667,1561,4575,3343,3228,7596,36372,84509,9876,373,750,2853,26988
  2011 Sep,3910,221319,103060,6966,51859,33009,26678,104211,31113,19057,62395,30112,8866,58309,1319,6394,3485,922,710,1545,4660,4554,29821,1819,1659,1259,10434,17400,3867,6318,1964,1521,4262,2948,1901,5725,33964,86076,9698,393,585,2715,24965
  2011 Aug,4556,228209,91344,7256,49558,34385,30612,183890,49034,26574,72034,44364,7316,60926,1154,7586,2339,1006,580,1056,6637,6399,34221,2464,1595,1240,17520,18141,8242,8909,1905,1570,4033,5411,1726,6090,34980,71953,11612,238,841,1798,27207
  2011 Jul,5522,251419,90175,9196,50938,40848,45542,183862,56960,33454,55479,40587,9038,71209,3568,7585,2182,1170,2404,3696,9149,7098,43187,2683,3064,1991,13943,15675,4151,9682,3201,1785,3888,3336,2455,7318,30667,94690,15973,496,953,2965,30686
  2011 Jun,6510,253383,97856,7571,52257,32783,36751,103335,37962,20445,38061,34233,7984,90742,2740,5296,2020,881,862,1512,5064,5125,39712,1498,1578,1985,7990,12094,3099,4924,2262,1499,3085,2015,2011,4497,24474,84371,12891,331,627,2117,23633
  2011 May,4007,199881,90528,7893,72488,44274,24500,110920,37886,18758,41594,33736,7830,114316,1653,5744,1678,984,378,936,4179,6116,34105,1623,1467,1056,10086,12628,3499,5445,1724,1302,3163,1963,1926,5333,28285,72365,12893,278,604,2028,22052
  2011 Apr,3747,194335,87230,11168,76197,55662,24152,131797,52413,18828,38311,28004,7707,74097,1490,9706,1064,931,342,1231,4447,7163,34124,2198,2307,1138,11852,18274,3583,5949,3353,1569,4157,2744,2856,7598,44974,85297,11322,266,993,3518,25226
  2011 Mar,5795,191842,96418,8466,59922,45728,23756,129749,32721,15222,59999,29619,8133,57601,1361,5635,8787,1084,392,792,4654,9415,43236,2452,2723,1649,12342,23715,5155,7100,2895,1531,5736,2811,3720,7002,49776,65885,6939,292,669,2634,26607
  2011 Feb,3890,177003,81747,5897,48107,31019,26850,149941,38190,19139,58190,36810,6368,50696,1161,5908,3038,1040,631,1208,3429,6898,33944,1755,3188,1757,10755,19290,3518,6229,2955,1311,4349,1973,3824,6551,41679,58135,4287,233,571,1565,25089
  2011 Jan,4547,208232,78342,6457,43339,33230,19704,132040,29322,18218,48799,41070,8228,63078,1572,5721,2279,1120,455,849,3992,7897,38267,2059,2868,2217,10957,19862,5048,6722,3050,1695,9732,2200,4840,6859,41430,98023,8102,397,1017,3908,28246
  2010 Dec,9516,262235,129821,8277,55518,39250,26550,99578,32636,12186,48844,25255,7879,73532,1777,10477,2669,903,403,793,4513,7624,34346,1958,1908,1790,10578,17552,4177,5969,2453,1632,5649,2568,4014,5891,39570,86705,7418,431,1626,5721,25389
  2010 Nov,4673,176118,99975,5953,50094,30197,21246,94035,29852,13133,51542,27814,7439,72920,1401,5786,2512,1310,723,1554,5729,6485,34324,2168,2266,1535,11753,22283,4394,6077,2916,1574,5098,2750,3276,7086,43263,64152,7245,424,1236,2187,27672
  2010 Oct,3750,178939,82803,6482,52011,57951,24692,92627,32834,13854,43497,29009,7543,75574,1469,6295,2215,1109,380,902,3683,6161,36707,1977,2451,1359,10062,18241,3328,6352,2903,1733,4522,2959,2609,7045,37587,77097,8799,444,682,2663,25613
  2010 Sep,4628,243869,95484,5376,40672,30711,24338,74457,28469,13486,45012,25665,7942,54860,1125,5759,4182,785,535,1345,4299,4337,27957,1878,1590,986,8362,15994,3734,5740,1912,1559,3550,3066,1772,4978,31704,80293,9481,298,651,2995,21749
  2010 Aug,4244,165525,75916,5838,39283,34804,32844,130593,46696,20959,56680,34169,7144,57109,1510,7816,2727,1199,719,972,6133,6397,34225,2542,1832,754,15794,17269,8781,7884,1939,1776,4255,5274,1748,6148,35000,68222,9122,524,932,2107,31494
  2010 Jul,5578,232630,82611,6879,43441,37256,43861,117778,46727,23937,44649,32673,9373,64912,3908,6207,2032,918,2548,2400,8870,6646,41173,2625,2934,968,11904,14647,4084,8447,2819,1725,3325,3267,2057,6888,31818,87289,10847,607,1163,1870,28756
  2010 Jun,5953,214445,93089,6236,44491,30712,35590,69081,32190,13542,36469,30033,8524,83472,2926,5750,2118,1174,806,942,4620,4969,39055,1535,1820,991,8359,11839,3201,4907,2412,1904,3096,2352,2117,4338,25742,74597,9655,348,654,2155,22823
  2010 May,4796,185809,81937,6556,55312,38925,26153,71636,32047,17111,36827,32161,7704,115965,1565,6043,1448,1029,451,771,3764,5457,32124,1542,1666,878,10323,14058,3406,5881,1807,1411,4067,1918,1822,6413,29301,63517,8109,307,640,2170,21849
  2010 Apr,3943,163076,77476,9646,54454,50657,26681,91702,35564,14509,35179,24785,7529,73219,1707,9961,1184,957,305,1038,4301,6734,33480,2089,2345,1064,11283,17908,3527,5571,2560,1578,3878,2222,2839,6926,41364,70079,6639,363,977,2722,24992
  2010 Mar,5692,166036,81757,7000,43959,31815,21338,88038,26245,15220,51836,30113,7747,53966,1662,5375,10024,1175,468,689,3842,7048,37123,2249,3584,1775,11349,24044,4014,6767,3807,2062,5037,2940,4166,6485,54457,63659,5602,379,938,2654,24767
  2010 Feb,4139,143921,68678,4583,32510,23154,20478,143050,24904,17738,40669,29589,5726,46061,1292,4734,4042,997,587,714,3036,6424,31167,1882,3786,1539,10684,17337,3821,6328,3263,1555,4465,2275,3956,6100,47583,55364,4481,315,944,1721,21795
  2010 Jan,5245,173640,67942,5512,32704,24635,19109,98918,19415,15511,37747,39437,7762,57404,1585,4770,1779,1277,443,513,3686,6860,35514,1954,3453,1972,10010,18091,4619,6597,2974,1928,8063,2174,4708,6078,44532,89584,8392,306,1174,3470,27008
  2009 Dec,9705,214634,110760,7056,41157,26830,22030,87983,21046,10039,40420,20033,8001,70097,2165,8090,2054,886,412,714,4299,6790,33244,1748,2400,1761,9376,15824,3753,6413,2791,1786,4606,2316,3915,5306,39590,84158,6855,312,1806,5325,23747
  2009 Nov,5260,143014,82747,5694,37810,23588,19905,90358,20525,11900,38949,19620,6735,49836,1495,6078,1722,1051,413,1069,4631,6391,34402,1967,2811,1395,10339,20619,3436,6431,2834,1830,4900,3008,2959,6119,43734,68570,7570,365,1284,2656,24153
  2009 Oct,3988,137011,69426,6249,38367,35977,20939,83273,25512,13208,43247,16069,8291,67239,1461,6242,1336,1083,254,666,3078,5752,32734,1806,2795,1137,10012,17384,3695,7021,2566,1855,4691,3155,2597,6314,40669,81622,9431,390,997,3061,22353
  2009 Sep,4257,182901,68008,5042,35289,23587,17520,59588,21509,10443,52561,15714,7105,57110,1055,5616,1934,857,345,771,3644,3761,25190,1707,1940,997,8383,14742,3727,6076,2159,1685,3644,3032,1957,4533,34753,73407,9259,200,612,2505,20371
  2009 Aug,3520,131985,61893,4850,35930,23533,24506,86530,36218,17490,50698,32332,7442,54631,2358,7523,1864,1088,821,1503,5466,5623,32539,2254,1885,704,16005,15563,8871,8954,1728,1835,3643,4449,1494,4832,37583,67152,8957,301,1058,2532,24506
  2009 Jul,3598,169634,54087,6147,32072,26643,32814,72326,33382,17351,46633,30389,9521,65978,3756,5820,1249,856,1843,1807,6655,5732,37270,2387,3007,969,11867,13356,3623,9498,2662,2085,3131,2842,1829,6023,34318,79439,10879,397,967,3304,23961
  2009 Jun,5618,159603,61465,5150,33487,24479,28171,41650,21703,11486,28060,20991,7387,78538,3014,4992,1362,846,572,849,4115,4495,32615,1447,1803,1332,7685,10373,3038,4654,2096,1910,2892,2152,1816,3709,26545,65796,9342,383,920,2435,19428
  2009 May,3935,129444,54995,5512,42460,27066,20397,52058,21529,11602,29800,21854,6427,90395,1460,4544,790,745,276,671,3557,4956,26832,1316,1682,1202,8642,11002,3069,4889,1741,1423,3563,1898,1621,4392,29423,59136,7963,220,605,2218,19081
  2009 Apr,3759,126815,51299,8226,44622,32151,21663,86525,28587,11970,31633,21323,6521,55994,1442,7845,911,606,197,719,4177,5866,28287,1946,2511,1361,9831,15931,2861,5109,3076,1878,3436,1965,2597,6162,41624,65046,6620,297,945,2723,21918
  2009 Mar,5390,128446,59660,5916,35718,28055,18307,91275,21290,12542,46797,20759,6699,46779,1503,4340,8136,1025,188,781,3631,7104,32022,1868,2949,1801,10418,19351,3979,5917,3186,2211,3939,2259,3114,5605,52839,54821,4819,334,777,2340,22346
  2009 Feb,3421,103501,45726,4909,28911,23335,19292,80037,19720,12744,42807,27387,6299,42275,1314,4598,1525,994,228,819,2678,6443,26724,1447,3415,1827,9002,14985,3154,5701,2781,1967,3828,1838,3343,5456,47261,51144,4327,362,553,2016,19841
  2009 Jan,4080,118342,44243,5521,26249,22661,19870,105144,23399,15986,38382,25516,6209,46752,1257,4322,1034,847,201,446,3598,7121,28845,1472,3373,1549,8168,14551,3564,5696,2734,2255,8075,1957,4682,5378,41545,80008,7812,300,894,3416,24684
  2008 Dec,8090,180678,84324,6928,37367,24747,19903,66689,22238,11947,47602,22308,7292,62641,1844,9304,1392,789,450,855,5317,7664,31577,1859,2459,1512,8604,14272,3658,5773,2559,2653,5138,2498,4322,5853,43612,79278,8098,382,1682,5244,26599
  2008 Nov,3989,119530,60463,5738,34208,21914,17701,79096,19197,12535,48225,24445,7379,56927,1739,5631,1063,1002,221,607,3082,7040,30713,2033,2507,1169,8782,16946,3367,6121,2615,2642,5198,2623,2951,6570,43751,60257,7239,277,1177,2765,23890
  2008 Oct,3340,158276,54973,6581,38577,34193,18719,76836,20016,13503,47736,30930,8167,67510,1335,6018,1243,1075,265,750,3898,6708,31842,1563,2775,946,8200,16762,3077,6525,2487,2439,4748,2333,2684,6014,39729,75866,11008,337,769,3859,24788
  2008 Sep,3569,144158,44892,5815,34314,24530,16065,66582,20765,12303,48771,25914,7914,53488,1115,4969,1336,912,137,474,3266,4273,25160,1440,1966,1181,7682,14033,3397,5476,2060,2070,3815,2550,1848,4873,34252,72816,10776,241,510,2781,21305
  2008 Aug,4627,134811,44118,6680,34984,25901,24828,91325,26847,16923,53699,42338,8481,58626,2492,8029,1714,892,1094,1911,7253,6026,32440,2108,2056,648,13597,14690,6556,7241,1943,2064,4385,4595,1598,5361,39102,65465,10578,521,1010,2753,27706
  2008 Jul,4505,168492,46968,7068,34135,28884,29462,105528,28218,19398,47659,39614,9581,63373,3749,6286,844,863,1022,1592,8182,6838,39087,2243,3121,784,11267,13500,3971,7759,3126,2443,3922,3364,2114,5896,33489,79776,13056,565,1062,3415,26348
  2008 Jun,5959,154546,53217,6292,33708,26211,27272,70565,23055,13146,40879,35998,8853,84143,2551,5799,1021,905,404,885,4625,5078,35304,1409,2003,806,7147,10893,2450,4945,2680,2316,3626,1672,1944,3830,27584,73802,10554,371,846,2835,20825
  2008 May,3927,137243,52115,6199,41872,30487,18193,86785,22867,14276,42382,36412,8495,103468,1663,6283,634,828,157,533,3029,5699,30862,1449,1915,854,8451,11609,2638,5542,1675,1730,4272,1715,1768,5038,29792,65901,9880,295,662,2405,21604
  2008 Apr,3409,131809,53749,8873,39347,36226,19097,107639,20232,13944,36301,33946,7718,62908,1502,9426,772,816,220,719,3491,6058,31189,1598,2454,982,9897,14169,3556,5805,2500,1939,4102,1970,2538,5993,41655,63079,8378,388,1216,3837,23991
  2008 Mar,5406,155238,56359,6989,37117,31641,17961,98180,27600,13778,57364,39683,7986,57776,2055,6073,6760,1024,250,687,3642,8239,39004,2152,3720,1431,9707,18467,3420,6107,4554,2900,4815,2819,4248,5642,61272,61681,6846,338,736,3889,25079
  2008 Feb,3338,124940,50318,5329,28674,23320,17171,121031,27263,17829,47449,40998,6700,49078,1252,5789,1259,1149,310,640,2439,7661,33006,1672,3992,1554,9093,15670,3226,5948,3348,2137,3954,1795,4112,4834,51188,52457,5365,312,745,1893,22790
  2008 Jan,4126,155708,45984,6090,24635,25851,12927,108486,19817,16342,52973,50432,7252,58365,1701,6211,1045,1147,308,443,2946,8760,36447,1574,3348,1513,8771,14269,3719,5988,3269,2703,8683,2032,5036,4884,47618,82778,8994,426,1015,4407,26267
  2007 Dec,7437,209494,68961,6719,30154,25919,16674,97832,21084,14118,53411,39701,6972,69669,1634,8402,1127,786,410,888,3804,8732,35809,1554,2388,1268,7879,12861,2984,5747,2904,2409,5021,2074,4692,4459,43715,79014,9550,459,1733,6355,27009
  2007 Nov,4139,136473,55020,5042,32059,26309,15333,103906,22638,13742,53784,43965,6886,63189,1584,6006,910,1030,247,496,2700,7665,34509,1730,2570,1267,8322,16252,3072,5930,2897,2462,3814,2431,3463,5389,44803,60543,7968,407,1103,2425,27168
  2007 Oct,3292,215886,58591,4985,36179,36655,14631,83831,23224,14426,51825,33383,7060,59747,1603,5996,542,986,223,617,3014,7980,34968,1655,2974,1213,7217,15364,2734,6468,2579,2422,3258,2434,2806,5157,41158,74693,11456,421,737,3105,29932
  2007 Sep,3656,136054,49733,6099,32523,27135,15574,76181,22902,16276,54186,30265,6428,55188,1486,5906,1465,809,226,555,2468,5148,27391,1540,2204,934,6416,13741,2819,5519,1953,2125,2599,2159,1901,4041,32992,71269,12290,312,725,3009,25251
  2007 Aug,3631,159570,55293,4798,34096,29149,23778,114463,32177,21028,58288,45910,6971,56204,2804,7995,1265,1055,1283,1863,6050,7218,33668,2019,2314,818,11861,13544,6079,7224,1767,2426,3073,3844,1614,4389,38624,62205,11010,603,1322,2712,27176
  2007 Jul,4219,193024,50725,5537,35032,32250,24935,108881,31990,24849,49234,46123,8274,58731,3715,6384,577,1018,1112,1878,6703,6827,39483,2101,2691,730,9451,12388,3073,7568,2494,2582,2734,2123,2045,4963,34682,75658,13648,570,1132,3947,26755
  2007 Jun,5136,180643,59152,5299,35997,29419,23153,77239,25551,16868,41289,38027,6583,80829,2423,5968,628,883,445,905,3347,5279,34838,1219,1530,1053,6130,9677,2476,4540,2003,2577,2197,1391,2088,3251,27594,66784,12414,318,760,3079,19532
  2007 May,3641,155604,51348,5295,42047,30555,14995,85198,25261,14952,38813,34408,6211,97637,1573,7378,415,710,202,618,2794,5916,31180,1272,1981,1042,6783,10999,2568,4623,1541,1673,2408,1294,1882,4001,29540,58832,10160,311,716,2662,20209
  2007 Apr,3265,142560,51360,6838,43107,34500,15553,99136,29338,15343,37962,32219,5640,59244,1448,9160,611,701,261,802,2855,6559,30253,1512,2602,1321,7858,13137,2295,4648,2491,2267,3220,1749,2950,4922,42343,58557,8786,804,962,4785,23581
  2007 Mar,4547,153855,52269,5480,39195,33087,14060,79239,22361,16091,58843,42071,5873,53444,1731,6356,5024,1028,215,775,2730,8756,38849,1729,3325,1644,9755,18555,3218,6252,3000,2636,4152,1991,4515,5056,57788,52493,6605,303,887,4064,24814
  2007 Feb,3471,120382,48175,3749,30588,22575,11969,111934,26025,23307,46920,31464,4527,42507,1216,4797,856,971,290,664,1944,8037,30990,1425,3779,1574,9103,14016,3442,5793,2762,2265,4049,1711,4587,4533,50680,40252,5063,245,643,1923,23138
  2007 Jan,3813,158510,45147,4887,27798,25863,12555,76116,19559,17156,49959,46756,5625,52339,1654,5057,815,1048,328,494,2645,8510,36947,1504,3048,1664,8494,14366,3986,6039,2785,2727,7580,1749,5077,4942,51932,68190,7778,301,962,4164,25050
  2006 Dec,6344,205629,72640,4987,35910,29714,13949,81414,22530,16218,48367,36134,5163,61578,1590,8721,729,805,352,758,2816,8915,35548,1430,2146,1583,6967,11910,3069,5358,2551,2615,4707,1880,4078,4414,47767,63644,7888,369,1508,5257,23626
  2006 Nov,3782,137074,56439,4125,35718,26895,12867,88343,22845,15953,52047,43791,5465,51570,1485,5958,426,915,238,609,2336,7987,35157,1714,2483,1560,7632,15428,2876,6157,2499,2581,3729,2065,3378,5396,45798,49822,7548,282,1093,2650,24016
  2006 Oct,2950,210355,61466,4008,36293,35860,12537,70690,21801,17087,47552,35025,5326,58389,1290,5669,306,910,123,501,2701,5996,29829,1664,2470,1329,7179,14840,2548,6281,2349,2286,2955,1842,2907,5304,40403,61388,10442,273,598,2523,21576
  2006 Sep,3511,136514,46751,3568,29747,26498,12514,63550,20463,15350,51284,29315,5546,49413,1551,5558,1073,801,315,666,2012,4773,29118,1381,1771,1008,6297,12532,2904,5264,1817,1926,2617,1954,1820,4048,32354,59479,12957,224,697,2688,21898
  2006 Aug,3389,164474,51108,3977,29722,27775,17916,103459,30672,23438,62970,44846,6019,49536,2500,6796,705,669,1316,1842,5354,6442,33504,1674,1697,1060,11062,12952,5698,6595,1603,1993,2648,3255,1649,4105,39956,55387,12738,345,1177,2543,24197
  2006 Jul,3822,192166,48104,4643,30567,29003,20816,113127,28265,27109,52407,45685,6175,53121,3320,6078,391,745,853,1785,5445,6967,39092,1729,2581,1009,8889,11095,2842,7156,2253,2432,2229,1703,2049,4228,34275,66485,14742,391,1254,3937,23914
  2006 Jun,4859,167216,56325,3547,29790,28946,17513,71213,23998,17393,43153,36327,6027,67838,2279,5811,446,796,349,812,2994,5043,36431,1192,1483,1104,6104,9356,2566,4280,1695,2134,2119,1546,2022,2831,26150,60988,12559,238,667,2805,18010
  2006 May,2955,146039,49755,3678,39995,30587,11755,78594,24008,15410,42907,34236,5155,80687,1611,5354,340,746,170,467,2067,5905,30705,1193,1300,1077,6787,10865,2516,4413,1426,1431,2900,1296,1875,3775,28329,51237,9736,204,542,2697,19456
  2006 Apr,3457,147235,51480,4699,37713,37862,12993,97423,28836,17657,41269,31780,5014,53531,1251,8626,350,747,203,754,2094,6407,28940,1571,2094,1281,7712,16067,2543,4729,2334,2055,2982,1463,2920,4909,41733,63480,10618,253,1176,4175,22238
  2006 Mar,4075,141056,52980,3615,31939,32483,11863,91092,21726,16227,62353,36144,4865,50070,1457,5396,3620,788,210,482,2251,8255,36044,1500,2710,1889,7748,18964,2859,6014,2538,2250,3057,1587,4138,4614,54953,53965,6317,197,678,3275,21741
  2006 Feb,3177,122336,44419,2658,25592,26200,10794,96562,22743,17723,44695,40835,4459,40083,1218,4610,537,1202,226,329,1602,7818,32611,1569,3550,1723,7646,14776,2673,5862,2802,2162,2498,1421,4323,4245,50705,42262,5485,177,671,2261,18918
  2006 Jan,3010,152123,42836,3153,23133,24544,9588,81734,23587,19898,45402,40604,4551,43086,974,4705,427,1024,280,544,2341,8896,32807,1483,2760,1680,6175,12340,2563,6065,2273,2760,5233,1220,4365,4011,45913,63495,9035,198,822,3677,22593
